Workbook

Sheet RAW
A3: Medicine | B3: Month 1 Demand | C3: Month 2 Demand | D3: Month 3 Demand | E3: Current Stock | F3: Lead Time Days
A4: Paracetamol | B4: 1200 | C4: 1350 | D4: 1500 | E4: 1000 | F4: 7
A5: Amoxicillin | B5: 800 | C5: 850 | D5: 900 | E5: 600 | F5: 10
A6: Metformin | B6: 700 | C6: 750 | D6: 780 | E6: 500 | F6: 14
A7: ORS | B7: 500 | C7: 520 | D7: 600 | E7: 400 | F7: 5
A8: Artemisinin | B8: 300 | C8: 320 | D8: 350 | E8: 200 | F8: 12
A9: Ibuprofen | B9: 900 | C9: 950 | D9: 1000 | E9: 700 | F9: 8
A10: Ciprofloxacin | B10: 400 | C10: 420 | D10: 450 | E10: 300 | F10: 15
A11: Insulin | B11: 200 | C11: 220 | D11: 250 | E11: 150 | F11: 20
A12: Salbutamol | B12: 600 | C12: 650 | D12: 700 | E12: 450 | F12: 9
A13: Zinc Tablets | B13: 1000 | C13: 1100 | D13: 1200 | E13: 800 | F13: 6

Sheet FORECAST
A1: Medicine | B1: Forecast Demand
A2: Paracetamol | B2: =AVERAGE(RAW!B4:D4) -> 1350
A3: Amoxicillin | B3: =AVERAGE(RAW!B5:D5) -> 850
A4: Metformin | B4: =AVERAGE(RAW!B6:D6) -> 743.33333
A5: ORS | B5: =AVERAGE(RAW!B7:D7) -> 540
A6: Artemisinin | B6: =AVERAGE(RAW!B8:D8) -> 323.33333
A7: Ibuprofen | B7: =AVERAGE(RAW!B9:D9) -> 950
A8: Ciprofloxacin | B8: =AVERAGE(RAW!B10:D10) -> 423.33333
A9: Insulin | B9: =AVERAGE(RAW!B11:D11) -> 223.33333
A10: Salbutamol | B10: =AVERAGE(RAW!B12:D12) -> 650
A11: Zinc Tablets | B11: =AVERAGE(RAW!B13:D13) -> 1100

Sheet ANALYSIS
A2: Medicine | B2: Forecast | C2: Stock | D2: Days until stock-out | E2: Coverage Status | F2: Risk of Stock-out Before Refill | G2: Demand Gap | H2: Risk Level
A3: Paracetamol | B3: =AVERAGE(RAW!B5:D5) -> 850 | C3: =RAW!E4 -> 1000 | D3: =C3 / (B3/30) -> 35.294118 | E3: =IF(D3<7,"CRITICAL",IF(D3<15,"LOW",IF(D3<30,"MODERATE","SAFE"))) -> SAFE | F3: =IF(RAW!F4 > ANALYSIS!D3, "", "SAFE") -> SAFE | G3: =B3-C3 -> -150 | H3: =IF(G3>0.2*B3,"HIGH",IF(G3>0.05*B3,"MEDIUM","LOW")) -> LOW
A4: Amoxicillin | B4: =AVERAGE(RAW!B6:D6) -> 743.33333 | C4: =RAW!E5 -> 600 | D4: =C4 / (B4/30) -> 24.215247 | E4: =IF(D4<7,"CRITICAL",IF(D4<15,"LOW",IF(D4<30,"MODERATE","SAFE"))) -> MODERATE | F4: =IF(RAW!F5 > ANALYSIS!D4, "", "SAFE") -> SAFE | G4: =B4-C4 -> 143.33333 | H4: =IF(G4>0.2*B4,"HIGH",IF(G4>0.05*B4,"MEDIUM","LOW")) -> MEDIUM
A5: Metformin | B5: =AVERAGE(RAW!B7:D7) -> 540 | C5: =RAW!E6 -> 500 | D5: =C5 / (B5/30) -> 27.777778 | E5: =IF(D5<7,"CRITICAL",IF(D5<15,"LOW",IF(D5<30,"MODERATE","SAFE"))) -> MODERATE | F5: =IF(RAW!F6 > ANALYSIS!D5, "", "SAFE") -> SAFE | G5: =B5-C5 -> 40 | H5: =IF(G5>0.2*B5,"HIGH",IF(G5>0.05*B5,"MEDIUM","LOW")) -> MEDIUM
A6: ORS | B6: =AVERAGE(RAW!B8:D8) -> 323.33333 | C6: =RAW!E7 -> 400 | D6: =C6 / (B6/30) -> 37.113402 | E6: =IF(D6<7,"CRITICAL",IF(D6<15,"LOW",IF(D6<30,"MODERATE","SAFE"))) -> SAFE | F6: =IF(RAW!F7 > ANALYSIS!D6, "", "SAFE") -> SAFE | G6: =B6-C6 -> -76.666667 | H6: =IF(G6>0.2*B6,"HIGH",IF(G6>0.05*B6,"MEDIUM","LOW")) -> LOW
A7: Artemisinin | B7: =AVERAGE(RAW!B9:D9) -> 950 | C7: =RAW!E8 -> 200 | D7: =C7 / (B7/30) -> 6.3157895 | E7: =IF(D7<7,"CRITICAL",IF(D7<15,"LOW",IF(D7<30,"MODERATE","SAFE"))) -> CRITICAL | F7: =IF(RAW!F8 > ANALYSIS!D7, "", "SAFE") | G7: =B7-C7 -> 750 | H7: =IF(G7>0.2*B7,"HIGH",IF(G7>0.05*B7,"MEDIUM","LOW")) -> HIGH
A8: Ibuprofen | B8: =AVERAGE(RAW!B10:D10) -> 423.33333 | C8: =RAW!E9 -> 700 | D8: =C8 / (B8/30) -> 49.606299 | E8: =IF(D8<7,"CRITICAL",IF(D8<15,"LOW",IF(D8<30,"MODERATE","SAFE"))) -> SAFE | F8: =IF(RAW!F9 > ANALYSIS!D8, "", "SAFE") -> SAFE | G8: =B8-C8 -> -276.66667 | H8: =IF(G8>0.2*B8,"HIGH",IF(G8>0.05*B8,"MEDIUM","LOW")) -> LOW
A9: Ciprofloxacin | B9: =AVERAGE(RAW!B11:D11) -> 223.33333 | C9: =RAW!E10 -> 300 | D9: =C9 / (B9/30) -> 40.298507 | E9: =IF(D9<7,"CRITICAL",IF(D9<15,"LOW",IF(D9<30,"MODERATE","SAFE"))) -> SAFE | F9: =IF(RAW!F10 > ANALYSIS!D9, "", "SAFE") -> SAFE | G9: =B9-C9 -> -76.666667 | H9: =IF(G9>0.2*B9,"HIGH",IF(G9>0.05*B9,"MEDIUM","LOW")) -> LOW
A10: Insulin | B10: =AVERAGE(RAW!B12:D12) -> 650 | C10: =RAW!E11 -> 150 | D10: =C10 / (B10/30) -> 6.9230769 | E10: =IF(D10<7,"CRITICAL",IF(D10<15,"LOW",IF(D10<30,"MODERATE","SAFE"))) -> CRITICAL | F10: =IF(RAW!F11 > ANALYSIS!D10, "", "SAFE") | G10: =B10-C10 -> 500 | H10: =IF(G10>0.2*B10,"HIGH",IF(G10>0.05*B10,"MEDIUM","LOW")) -> HIGH
A11: Salbutamol | B11: =AVERAGE(RAW!B13:D13) -> 1100 | C11: =RAW!E12 -> 450 | D11: =C11 / (B11/30) -> 12.272727 | E11: =IF(D11<7,"CRITICAL",IF(D11<15,"LOW",IF(D11<30,"MODERATE","SAFE"))) -> LOW | F11: =IF(RAW!F12 > ANALYSIS!D11, "", "SAFE") -> SAFE | G11: =B11-C11 -> 650 | H11: =IF(G11>0.2*B11,"HIGH",IF(G11>0.05*B11,"MEDIUM","LOW")) -> HIGH
A12: Zinc Tablets | B12: =FORECAST!B11 -> 1100 | C12: =RAW!E13 -> 800 | D12: =C12 / (B12/30) -> 21.818182 | E12: =IF(D12<7,"CRITICAL",IF(D12<15,"LOW",IF(D12<30,"MODERATE","SAFE"))) -> MODERATE | F12: =IF(RAW!F13 > ANALYSIS!D12, "", "SAFE") -> SAFE | G12: =B12-C12 -> 300 | H12: =IF(G12>0.2*B12,"HIGH",IF(G12>0.05*B12,"MEDIUM","LOW")) -> HIGH

Sheet DECISIONS
A2: Medicine | B2: Risk | C2: Action | D2: Manufacturing Flag
A3: Paracetamol | B3: =ANALYSIS!H3 -> LOW | C3: =IF(RAW!F4>ANALYSIS!D3,"URGENT EMERGENCY PROCUREMENT",IF(AND(RAW!F4>0.7*ANALYSIS!D3),"HIGH RISK - ORDER IMMEDIATELY", "STABLE")) -> STABLE | D3: =IF(AND(B3="HIGH",ANALYSIS!C3>800),"CONSIDER LOCAL PRODUCTION","")
A4: Amoxicillin | B4: =ANALYSIS!H4 -> MEDIUM | C4: =IF(RAW!F5>ANALYSIS!D4,"URGENT EMERGENCY PROCUREMENT",IF(AND(RAW!F5>0.7*ANALYSIS!D4),"HIGH RISK - ORDER IMMEDIATELY", "STABLE")) -> STABLE | D4: =IF(AND(B4="HIGH",ANALYSIS!C4>800),"CONSIDER LOCAL PRODUCTION","")
A5: Metformin | B5: =ANALYSIS!H5 -> MEDIUM | C5: =IF(RAW!F6>ANALYSIS!D5,"URGENT EMERGENCY PROCUREMENT",IF(AND(RAW!F6>0.7*ANALYSIS!D5),"HIGH RISK - ORDER IMMEDIATELY", "STABLE")) -> STABLE | D5: =IF(AND(B5="HIGH",ANALYSIS!C5>800),"CONSIDER LOCAL PRODUCTION","")
A6: ORS | B6: =ANALYSIS!H6 -> LOW | C6: =IF(RAW!F7>ANALYSIS!D6,"URGENT EMERGENCY PROCUREMENT",IF(AND(RAW!F7>0.7*ANALYSIS!D6),"HIGH RISK - ORDER IMMEDIATELY", "STABLE")) -> STABLE | D6: =IF(AND(B6="HIGH",ANALYSIS!C6>800),"CONSIDER LOCAL PRODUCTION","")
A7: Artemisinin | B7: =ANALYSIS!H7 -> HIGH | C7: =IF(RAW!F8>ANALYSIS!D7,"URGENT EMERGENCY PROCUREMENT",IF(AND(RAW!F8>0.7*ANALYSIS!D7),"HIGH RISK - ORDER IMMEDIATELY", "STABLE")) -> URGENT EMERGENCY PROCUREMENT | D7: =IF(AND(B7="HIGH",ANALYSIS!C7>800),"CONSIDER LOCAL PRODUCTION","")
A8: Ibuprofen | B8: =ANALYSIS!H8 -> LOW | C8: =IF(RAW!F9>ANALYSIS!D8,"URGENT EMERGENCY PROCUREMENT",IF(AND(RAW!F9>0.7*ANALYSIS!D8),"HIGH RISK - ORDER IMMEDIATELY", "STABLE")) -> STABLE | D8: =IF(AND(B8="HIGH",ANALYSIS!C8>800),"CONSIDER LOCAL PRODUCTION","")
A9: Ciprofloxacin | B9: =ANALYSIS!H9 -> LOW | C9: =IF(RAW!F10>ANALYSIS!D9,"URGENT EMERGENCY PROCUREMENT",IF(AND(RAW!F10>0.7*ANALYSIS!D9),"HIGH RISK - ORDER IMMEDIATELY", "STABLE")) -> STABLE | D9: =IF(AND(B9="HIGH",ANALYSIS!C9>800),"CONSIDER LOCAL PRODUCTION","")
A10: Insulin | B10: =ANALYSIS!H10 -> HIGH | C10: =IF(RAW!F11>ANALYSIS!D10,"URGENT EMERGENCY PROCUREMENT",IF(AND(RAW!F11>0.7*ANALYSIS!D10),"HIGH RISK - ORDER IMMEDIATELY", "STABLE")) -> URGENT EMERGENCY PROCUREMENT | D10: =IF(AND(B10="HIGH",ANALYSIS!C10>800),"CONSIDER LOCAL PRODUCTION","")
A11: Salbutamol | B11: =ANALYSIS!H11 -> HIGH | C11: =IF(RAW!F12>ANALYSIS!D11,"URGENT EMERGENCY PROCUREMENT",IF(AND(RAW!F12>0.7*ANALYSIS!D11),"HIGH RISK - ORDER IMMEDIATELY", "STABLE")) -> HIGH RISK - ORDER IMMEDIATELY | D11: =IF(AND(B11="HIGH",ANALYSIS!C11>800),"CONSIDER LOCAL PRODUCTION","")
A12: Zinc Tablets | B12: =ANALYSIS!H12 -> HIGH | C12: =IF(RAW!F13>ANALYSIS!D12,"URGENT EMERGENCY PROCUREMENT",IF(AND(RAW!F13>0.7*ANALYSIS!D12),"HIGH RISK - ORDER IMMEDIATELY", "STABLE")) -> STABLE | D12: =IF(AND(B12="HIGH",ANALYSIS!C12>800),"CONSIDER LOCAL PRODUCTION","")

Sheet METRICS
A1: Metric | B1: Value
A2: Stock out Rate | B2: =COUNTIF(ANALYSIS!H:H,"HIGH")/COUNTA(ANALYSIS!A:A) -> 0.36363636
A3: Average Gap | B3: =AVERAGE(ANALYSIS!G:G) -> 180.33333
